label,ticks,frames,seconds,avg_fps,mean_ms,p50_ms,p95_ms,p99_ms,max_ms,renderer_frames,renderer_avg_ms,renderer_avg_copies,renderer_avg_vertices
baseline,300,19375,14.994,1292.2,0.774,0.729,1.270,1.687,11.267,0,0.0000,0.0,0.0
additive_static,300,19000,14.997,1266.9,0.789,0.742,1.269,1.660,14.689,19000,0.0762,49.0,1961.2
additive_animated,300,19263,14.997,1284.5,0.779,0.739,1.248,1.624,6.492,19263,0.0722,38.6,1544.7
additive_big_static,300,16969,14.995,1131.6,0.884,0.840,1.076,1.693,8.027,16969,0.4256,303.3,12131.3
additive_big_animated,300,17034,14.994,1136.0,0.880,0.835,1.109,1.689,6.616,17034,0.4076,237.2,9489.5
display_static,300,18050,14.996,1203.6,0.831,0.764,1.319,1.723,14.329,0,0.0000,0.0,0.0
display_animated,300,18866,14.995,1258.1,0.795,0.743,1.181,1.610,5.632,0,0.0000,0.0,0.0
display_big_static,300,10401,14.994,693.7,1.442,1.374,1.767,2.407,9.425,0,0.0000,0.0,0.0
display_big_animated,300,9295,14.992,620.0,1.613,1.523,2.341,2.812,10.885,0,0.0000,0.0,0.0
baseline_after,300,19623,14.997,1308.5,0.764,0.729,1.267,1.608,11.832,0,0.0000,0.0,0.0
